{
  "2022-01-01": {
    "S109": 3215.899999999992,
    "S117": 6041.200029999998,
    "S50": 2822.399999999998,
    "S108": 4229.699999999996,
    "S44": 4097.400000000001,
    "S106": 1970.999999999999,
    "S60": 2865.400000000001,
    "S115": 4367.0,
    "S24": 5581.2000499999995,
    "S116": 5561.799999999999,
    "S104": 11405.999869999996,
    "S100": 3014.4999999999955
  }
}